{
    "chunkSegments": 100,
    "lodMaxDetailLevel": 5,
    "noiseFrequency": 1,
    "planetRadius": {
        "min": 10000,
        "max": 12000
    },
    "planetSurface": {
        "min": 300,
        "max": 2000
    },
    "noiseMultipliers": [
        [0.5, 1],
        [0.25, 2],
        [0.125, 4],
        [0.0625, 8],
        [0.03125, 16],
        [0.015625, 32],
        [0.0078125, 64],
        [0.00390625, 128],
        [0.001953125, 256],
        [0.0009765625, 512]
    ],

    "uniforms": { }
}
