{
    "planetRadius": {
        "min": 10000,
        "max": 12000
    },
    "planetSurface": {
        "min": 2000,
        "max": 5000
    },
    "noiseMultipliers": [
        [0.5, 1],
        [0.25, 2],
        [0.125, 4],
        [0.0625, 8],
        [0.03125, 16],
        [0.015625, 32]
    ]
}
